<?xml version="1.0" encoding="utf-8"?> 
<ColecaoEstados>
<Estados>
  <Estado>
    <Id>11</Id>
    <Nome>Rondônia</Nome>
    <UF>RO</UF>
  </Estado>
  <Estado>
    <Id>12</Id>
    <Nome>Acre</Nome>
    <UF>AC</UF>
  </Estado>
  <Estado>
    <Id>13</Id>
    <Nome>Amazonas</Nome>
    <UF>AM</UF>
  </Estado>
  <Estado>
    <Id>14</Id>
    <Nome>Roraima</Nome>
    <UF>RR</UF>
  </Estado>
  <Estado>
    <Id>15</Id>
    <Nome>Pará</Nome>
    <UF>PA</UF>
  </Estado>
  <Estado>
    <Id>16</Id>
    <Nome>Amapá</Nome>
    <UF>AP</UF>
  </Estado>
  <Estado>
    <Id>17</Id>
    <Nome>Tocantins</Nome>
    <UF>TO</UF>
  </Estado>
  <Estado>
    <Id>21</Id>
    <Nome>Maranhão</Nome>
    <UF>MA</UF>
  </Estado>
  <Estado>
    <Id>22</Id>
    <Nome>Piauí</Nome>
    <UF>PI</UF>
  </Estado>
  <Estado>
    <Id>23</Id>
    <Nome>Ceará</Nome>
    <UF>CE</UF>
  </Estado>
  <Estado>
    <Id>24</Id>
    <Nome>Rio Grande do Norte</Nome>
    <UF>RN</UF>
  </Estado>
  <Estado>
    <Id>25</Id>
    <Nome>Paraíba</Nome>
    <UF>PB</UF>
  </Estado>
  <Estado>
    <Id>26</Id>
    <Nome>Pernambuco</Nome>
    <UF>PE</UF>
  </Estado>
  <Estado>
    <Id>27</Id>
    <Nome>Alagoas</Nome>
    <UF>AL</UF>
  </Estado>
  <Estado>
    <Id>28</Id>
    <Nome>Sergipe</Nome>
    <UF>SE</UF>
  </Estado>
  <Estado>
    <Id>29</Id>
    <Nome>Bahia</Nome>
    <UF>BA</UF>
  </Estado>
  <Estado>
    <Id>31</Id>
    <Nome>Minas Gerais</Nome>
    <UF>MG</UF>
  </Estado>
  <Estado>
    <Id>32</Id>
    <Nome>Espírito Santo</Nome>
    <UF>ES</UF>
  </Estado>
  <Estado>
    <Id>33</Id>
    <Nome>Rio de Janeiro</Nome>
    <UF>RJ</UF>
  </Estado>
  <Estado>
    <Id>35</Id>
    <Nome>São Paulo</Nome>
    <UF>SP</UF>
  </Estado>
  <Estado>
    <Id>41</Id>
    <Nome>Paraná</Nome>
    <UF>PR</UF>
  </Estado>
  <Estado>
    <Id>42</Id>
    <Nome>Santa Catarina</Nome>
    <UF>SC</UF>
  </Estado>
  <Estado>
    <Id>43</Id>
    <Nome>Rio Grande do Sul</Nome>
    <UF>RS</UF>
  </Estado>
  <Estado>
    <Id>50</Id>
    <Nome>Mato Grosso do Sul</Nome>
    <UF>MS</UF>
  </Estado>
  <Estado>
    <Id>51</Id>
    <Nome>Mato Grosso</Nome>
    <UF>MT</UF>
  </Estado>
  <Estado>
    <Id>52</Id>
    <Nome>Goiás</Nome>
    <UF>GO</UF>
  </Estado>
  <Estado>
    <Id>53</Id>
    <Nome>Distrito Federal</Nome>
    <UF>DF</UF>
  </Estado>
  </Estados>
</ColecaoEstados>